minecraft:air,Attributes[],Rarity,Enchantement,Tags[],Item Pool,Value
minecraft:stone,,Mundane,None,Stony,Stone,3
minecraft:granite,,Mundane,None,Stony,Stone,4
minecraft:polished_granite,,Common,None,"Stony, Polished",Stone,5
minecraft:diorite,,Mundane,None,Stony,Stone,4
minecraft:polished_diorite,,Common,None,"Stony, Polished",Stone,5
minecraft:andesite,,Mundane,None,Stony,Stone,4
minecraft:polished_andesite,,Common,None,"Stony, Polished",Stone,5
minecraft:deepslate,,Common,None,"Stony, Deep",Stone,4
minecraft:cobbled_deepslate,,Common,None,"Stony, Deep",Stone,2
minecraft:polished_deepslate,,Curious,None,"Stony, Polished",Stone,6
minecraft:calcite,,Mundane,None,Stony,Stone,3
minecraft:tuff,,Mundane,None,Stony,Stone,3
minecraft:dripstone_block,,Mundane,None,Stony,Stone,3
minecraft:grass_block,,Common,None,"Dirty, Natural",Dirt,8
minecraft:dirt,,Mundane,None,"Dirty, Natural",Dirt,6
minecraft:coarse_dirt,,Curious,None,"Dirty, Natural, Stony",Dirt,7
minecraft:podzol,,Common,None,"Dirty, Natural",Dirt,9
minecraft:rooted_dirt,,Common,None,"Dirty, Natural, Wooden",Dirt,7
minecraft:mud,,Common,None,"Dirty, Natural, Wet",Dirt,6
minecraft:crimson_nylium,Nether,Curious,None,"Shrooms, Hellish, Stony",Netherrack,6
minecraft:warped_nylium,Nether,Curious,None,"Shrooms, Hellish, Stony",Netherrack,6
minecraft:cobblestone,,Mundane,None,Stony,Stone,1
minecraft:oak_planks,,Mundane,None,"Wooden, Planks",Planks,5
minecraft:spruce_planks,,Mundane,None,"Wooden, Planks",Planks,5
minecraft:birch_planks,,Mundane,None,"Wooden, Planks",Planks,5
minecraft:jungle_planks,,Mundane,None,"Wooden, Planks",Planks,5
minecraft:acacia_planks,,Mundane,None,"Wooden, Planks",Planks,5
minecraft:cherry_planks,,Mundane,None,"Wooden, Planks",Planks,5
minecraft:dark_oak_planks,,Mundane,None,"Wooden, Planks",Planks,5
minecraft:mangrove_planks,,Mundane,None,"Wooden, Planks",Planks,5
minecraft:bamboo_planks,,Mundane,None,"Wooden, Planks, Bamboo",Planks,9
minecraft:crimson_planks,Nether,Curious,None,"Wooden, Planks, Hellish",Planks,7
minecraft:warped_planks,Nether,Curious,None,"Wooden, Planks, Hellish",Planks,7
minecraft:bamboo_mosaic,,Curious,None,"Wooden, Planks, Mosaic",Planks,12
minecraft:oak_sapling,,Common,None,"Wooden, Plant",Saplings,8
minecraft:spruce_sapling,,Common,None,"Wooden, Plant",Saplings,8
minecraft:birch_sapling,,Common,None,"Wooden, Plant",Saplings,8
minecraft:jungle_sapling,,Common,None,"Wooden, Plant",Saplings,8
minecraft:acacia_sapling,,Common,None,"Wooden, Plant",Saplings,8
minecraft:cherry_sapling,,Common,None,"Wooden, Plant",Saplings,8
minecraft:dark_oak_sapling,,Common,None,"Wooden, Plant",Saplings,8
minecraft:mangrove_propagule,,Common,None,"Wooden, Plant",Saplings,8
minecraft:sand,,Mundane,None,"Dirty, Aggregates",Sand,6
minecraft:red_sand,,Common,None,"Dirty, Aggregates, Red Color",Sand,7
minecraft:gravel,,Mundane,None,"Dirty, Aggregates",Sand,4
minecraft:air,Comment,"Ores are to be 1.35x the price of the raw equivalent, deepslate are to be 1.1x",,,raw equivalent,
minecraft:coal_ore,,Mundane,None,"Stony, Ore, Coal, Gem",Coal,47
minecraft:deepslate_coal_ore,,Mundane,None,"Stony, Ore, Coal, Deep, Gem",Coal,51
minecraft:iron_ore,,Uncommon,None,"Stony, Ore, Iron, Metal",Iron,405
minecraft:deepslate_iron_ore,,Uncommon,None,"Stony, Ore, Iron, Deep, Metal",Iron,445
minecraft:copper_ore,,Common,None,"Stony, Ore, Copper, Metal",Copper,200
minecraft:deepslate_copper_ore,,Common,None,"Stony, Ore, Copper, Deep, Metal",Copper,220
minecraft:gold_ore,,Uncommon,None,"Stony, Ore, Golden, Metal",Gold,1250
minecraft:deepslate_gold_ore,,Uncommon,None,"Stony, Ore, Golden, Deep, Metal",Gold,1300
minecraft:redstone_ore,,Curious,None,"Stony, Ore, Redstone",Redstone,500
minecraft:deepslate_redstone_ore,,Curious,None,"Stony, Ore, Redstone, Deep",Redstone,600
minecraft:emerald_ore,,Epic,None,"Stony, Ore, Emerald, Gem",Emerald,25000
minecraft:deepslate_emerald_ore,,Epic,None,"Stony, Ore, Emerald, Deep, Gem",Emerald,30000
minecraft:lapis_ore,,Mundane,None,"Stony, Ore, Lapis, Gem",Lapis,350
minecraft:deepslate_lapis_ore,,Mundane,None,"Stony, Ore, Lapis, Deep, Gem",Lapis,400
minecraft:diamond_ore,,Epic,None,"Stony, Ore, Diamond, Gem",Diamond,15500
minecraft:deepslate_diamond_ore,,Epic,None,"Stony, Ore, Diamond, Deep, Gem",Diamond,15000
minecraft:nether_gold_ore,Nether,Uncommon,None,"Ore, Golden, Hellish, Metal",Gold,550
minecraft:nether_quartz_ore,Nether,Uncommon,None,"Ore, Quartz, Hellish",Quartz,50
minecraft:ancient_debris,Nether,Exalted,None,"Ore, Netherite, Hellish",Netherite,65000
minecraft:coal_block,,Curious,None,"Coal, Compressed",Coal,675
minecraft:raw_iron_block,,Uncommon,None,"Iron, Raw Ore, Compressed",Iron,2700
minecraft:raw_copper_block,,Common,None,"Copper, Raw Ore, Compressed",Copper,900
minecraft:raw_gold_block,,Uncommon,None,"Gold, Raw Ore, Compressed",Gold,11250
minecraft:amethyst_block,,Curious,None,"Gem, Crystal, Compressed",Amethyst,160
minecraft:iron_block,,Uncommon,None,"Iron, Ingot, Compressed",Iron,2790
minecraft:copper_block,,Common,None,"Copper, Ingot, Compressed",Copper,360
minecraft:gold_block,,Uncommon,None,"Gold, Ingot, Compressed",Copper,11340
minecraft:diamond_block,,Epic,None,"Diamond, Gem, Compressed",Diamond,135000
minecraft:netherite_block,,Divine,None,"Netherite, Gem, Compressed",Netherite,2475000
minecraft:exposed_copper,,Common,None,"Copper, Decoration",Copper,396
minecraft:weathered_copper,,Common,None,"Copper, Decoration",Copper,396
minecraft:oxidized_copper,,Common,None,"Copper, Decoration",Copper,396
minecraft:cut_copper,,Common,None,"Copper, Decoration,",Copper,425
minecraft:exposed_cut_copper,,Common,None,"Copper, Decoration,",Copper,425
minecraft:weathered_cut_copper,,Common,None,"Copper, Decoration,",Copper,425
minecraft:oxidized_cut_copper,,Common,None,"Copper, Decoration,",Copper,425
minecraft:cut_copper_stairs,,Common,None,"Copper, Decoration, Stair",Copper,425
minecraft:exposed_cut_copper_stairs,,Common,None,"Copper, Decoration, Stair",Copper,425
minecraft:weathered_cut_copper_stairs,,Common,None,"Copper, Decoration, Stair",Copper,425
minecraft:oxidized_cut_copper_stairs,,Common,None,"Copper, Decoration, Stair",Copper,425
minecraft:cut_copper_slab,,Common,None,"Copper, Decoration, Stair",Copper,425
minecraft:exposed_cut_copper_slab,,Common,None,"Copper, Decoration, Slab",Copper,212
minecraft:weathered_cut_copper_slab,,Common,None,"Copper, Decoration, Slab",Copper,212
minecraft:oxidized_cut_copper_slab,,Common,None,"Copper, Decoration, Slab",Copper,212
minecraft:waxed_copper_block,,Common,None,"Copper, Decoration",Copper,430
minecraft:waxed_exposed_copper,,Common,None,"Copper, Decoration",Copper,430
minecraft:waxed_weathered_copper,,Common,None,"Copper, Decoration",Copper,430
minecraft:waxed_oxidized_copper,,Common,None,"Copper, Decoration",Copper,430
minecraft:waxed_cut_copper,,Common,None,"Copper, Decoration, Slab",Copper,430
minecraft:waxed_exposed_cut_copper,,Common,None,"Copper, Decoration, Slab",Copper,430
minecraft:waxed_weathered_cut_copper,,Common,None,"Copper, Decoration, Slab",Copper,430
minecraft:waxed_oxidized_cut_copper,,Common,None,"Copper, Decoration, Slab",Copper,430
minecraft:waxed_cut_copper_stairs,,Common,None,"Copper, Decoration, Stair",Copper,425
minecraft:waxed_exposed_cut_copper_stairs,,Common,None,"Copper, Decoration, Stair",Copper,425
minecraft:waxed_weathered_cut_copper_stairs,,Common,None,"Copper, Decoration, Stair",Copper,425
minecraft:waxed_oxidized_cut_copper_stairs,,Common,None,"Copper, Decoration, Stair",Copper,212
minecraft:waxed_cut_copper_slab,,Common,None,"Copper, Decoration, Slab",Copper,212
minecraft:waxed_exposed_cut_copper_slab,,Common,None,"Copper, Decoration, Slab",Copper,212
minecraft:waxed_weathered_cut_copper_slab,,Common,None,"Copper, Decoration, Slab",Copper,212
minecraft:waxed_oxidized_cut_copper_slab,,Common,None,"Copper, Decoration, Slab",Copper,212
minecraft:oak_log,,Common,None,"Wooden, Logs",Logs,20
minecraft:spruce_log,,Common,None,"Wooden, Logs",Logs,20
minecraft:birch_log,,Common,None,"Wooden, Logs",Logs,20
minecraft:jungle_log,,Common,None,"Wooden, Logs",Logs,20
minecraft:acacia_log,,Common,None,"Wooden, Logs",Logs,20
minecraft:cherry_log,,Common,None,"Wooden, Logs",Logs,20
minecraft:dark_oak_log,,Common,None,"Wooden, Logs",Logs,20
minecraft:mangrove_log,,Common,None,"Wooden, Logs",Logs,20
minecraft:mangrove_roots,,Mundane,None,Wooden,Roots,3
minecraft:muddy_mangrove_roots,,Mundane,None,"Wooden, Dirty, Wet",Roots,7
minecraft:crimson_stem,Nether,Common,None,"Shrooms, Hellish, Wooden, Logs",Logs,24
minecraft:warped_stem,Nether,Common,None,"Shrooms, Hellish, Wooden, Logs",Logs,24
minecraft:bamboo_block,,Common,None,"Wooden, Bamboo, Logs",Logs,18
minecraft:stripped_oak_log,,Common,None,"Wooden, Logs, Stripped",Logs,22
minecraft:stripped_spruce_log,,Common,None,"Wooden, Logs, Stripped",Logs,22
minecraft:stripped_birch_log,,Common,None,"Wooden, Logs, Stripped",Logs,22
minecraft:stripped_jungle_log,,Common,None,"Wooden, Logs, Stripped",Logs,22
minecraft:stripped_acacia_log,,Common,None,"Wooden, Logs, Stripped",Logs,22
minecraft:stripped_cherry_log,,Common,None,"Wooden, Logs, Stripped",Logs,22
minecraft:stripped_dark_oak_log,,Common,None,"Wooden, Logs, Stripped",Logs,22
minecraft:stripped_mangrove_log,,Common,None,"Wooden, Logs, Stripped",Logs,22
minecraft:stripped_crimson_stem,,Common,None,"Wooden, Logs, Stripped, Hellish",Logs,"28,5"
minecraft:stripped_warped_stem,,Common,None,"Woodens, Logs, Stripped, Hellish",Logs,"28,5"
minecraft:stripped_oak_wood,,Common,None,"Wooden, Decoration, Stripped, Logs",Logs,29
minecraft:stripped_spruce_wood,,Common,None,"Wooden, Decoration, Stripped, Logs",Logs,29
minecraft:stripped_birch_wood,,Common,None,"Wooden, Decoration, Stripped, Logs",Logs,29
minecraft:stripped_jungle_wood,,Common,None,"Wooden, Decoration, Stripped, Logs",Logs,29
minecraft:stripped_acacia_wood,,Common,None,"Wooden, Decoration, Stripped, Logs",Logs,29
minecraft:stripped_cherry_wood,,Common,None,"Wooden, Decoration, Stripped, Logs",Logs,29
minecraft:stripped_dark_oak_wood,,Common,None,"Wooden, Decoration, Stripped, Logs",Logs,29
minecraft:stripped_mangrove_wood,,Common,None,"Wooden, Decoration, Stripped, Logs",Logs,29
minecraft:stripped_crimson_hyphae,Nether,Common,None,"Wooden, Decoration, Stripped, Logs, Shrooms, Hellish",Logs,38
minecraft:stripped_warped_hyphae,Nether,Common,None,"Wooden, Decoration, Stripped, Logs, Shrooms, Hellish",Logs,38
minecraft:stripped_bamboo_block,,Common,None,"Wooden, Decoration, Stripped, Logs, Bamboo",Logs,20
minecraft:oak_wood,,Common,None,"Wooden, Decoration, Logs",Logs,"26,5"
minecraft:spruce_wood,,Common,None,"Wooden, Decoration, Logs",Logs,"26,5"
minecraft:birch_wood,,Common,None,"Wooden, Decoration, Logs",Logs,"26,5"
minecraft:jungle_wood,,Common,None,"Wooden, Decoration, Logs",Logs,"26,5"
minecraft:acacia_wood,,Common,None,"Wooden, Decoration, Logs",Logs,"26,5"
minecraft:cherry_wood,,Common,None,"Wooden, Decoration, Logs",Logs,"26,5"
minecraft:dark_oak_wood,,Common,None,"Wooden, Decoration, Logs",Logs,"26,5"
minecraft:mangrove_wood,,Common,None,"Wooden, Decoration, Logs",Logs,"26,5"
minecraft:crimson_hyphae,Nether,Common,None,"Wooden, Decoration, Logs, Shrooms, Hellish",Logs,32
minecraft:warped_hyphae,Nether,Common,None,"Wooden, Decoration, Logs, Shrooms, Hellish",Logs,32
minecraft:oak_leaves,,Mundane,None,"Plant, Natural",Leaves,1
minecraft:spruce_leaves,,Mundane,None,"Plant, Natural",Leaves,1
minecraft:birch_leaves,,Mundane,None,"Plant, Natural",Leaves,1
minecraft:jungle_leaves,,Mundane,None,"Plant, Natural",Leaves,1
minecraft:acacia_leaves,,Mundane,None,"Plant, Natural",Leaves,1
minecraft:cherry_leaves,,Mundane,None,"Plant, Natural",Leaves,1
minecraft:dark_oak_leaves,,Mundane,None,"Plant, Natural",Leaves,1
minecraft:mangrove_leaves,,Mundane,None,"Plant, Natural",Leaves,2
minecraft:azalea_leaves,,Mundane,None,"Plant, Natural",Leaves,3
minecraft:flowering_azalea_leaves,,Common,None,"Plant, Natural, Flower",Leaves,12
minecraft:sponge,,Rare,None,Dry,Sponge,1500
minecraft:wet_sponge,,Rare,None,Wet,Sponge,1550
minecraft:glass,,Common,None,Transparent,Glass,30
minecraft:tinted_glass,,Uncommon,None,"Transparent, Black Color",Glass,175
minecraft:lapis_block,,Curious,None,Compressed,Lapis,500
minecraft:sandstone,,Mundane,None,"Bricks, Aggregates",Sand,8
minecraft:chiseled_sandstone,,Common,None,"Bricks, Aggregates, Decoration",Sand,12
minecraft:cut_sandstone,,Common,None,"Aggregates, Decoration",Sand,10
minecraft:cobweb,,Curious,None,"Fiber, Trap Component",Cobweb,50
minecraft:grass,,Mundane,None,"Plant, Natural, Fiber",Plants,2
minecraft:fern,,Common,None,"Plant, Natural",Plants,6
minecraft:azalea,,Common,None,"Plant, Natural",Plants,20
minecraft:flowering_azalea,,Curious,None,"Plant, Natural, Flower",Plants,25
minecraft:dead_bush,,Mundane,None,Plant,Plants,1
minecraft:seagrass,,Mundane,None,"Plant, Natural, Wet",Plants,3
minecraft:sea_pickle,,Curious,None,"Plant, Light-Emitting, Wet",Plants,35
minecraft:white_wool,,Common,None,"Fiber, White Color",Wool,80
minecraft:orange_wool,,Common,None,"Fiber, Orange Color",Wool,80
minecraft:magenta_wool,,Common,None,"Fiber, Magenta Color",Wool,80
minecraft:light_blue_wool,,Common,None,"Fiber, Light Blue Color",Wool,80
minecraft:yellow_wool,,Common,None,"Fiber, Yellow Color",Wool,80
minecraft:lime_wool,,Common,None,"Fiber, Lime Color",Wool,80
minecraft:pink_wool,,Common,None,"Fiber, Pink Color",Wool,80
minecraft:gray_wool,,Common,None,"Fiber, Gray Color",Wool,80
minecraft:light_gray_wool,,Common,None,"Fiber, Light Gray Color",Wool,80
minecraft:cyan_wool,,Common,None,"Fiber, Cyan Color",Wool,80
minecraft:purple_wool,,Common,None,"Fiber, Purple Color",Wool,80
minecraft:blue_wool,,Common,None,"Fiber, Blue Color",Wool,80
minecraft:brown_wool,,Common,None,"Fiber, Brown Color",Wool,80
minecraft:green_wool,,Common,None,"Fiber, Green Color",Wool,80
minecraft:red_wool,,Common,None,"Fiber, Red Color",Wool,80
minecraft:black_wool,,Common,None,"Fiber, Black Color",Wool,80
minecraft:dandelion,,Mundane,None,"Plant, Natural, Flower",Flower,15
minecraft:poppy,,Mundane,None,"Plant, Natural, Flower",Flower,15
minecraft:blue_orchid,,Common,None,"Plant, Natural, Flower",Flower,20
minecraft:allium,,Common,None,"Plant, Natural, Flower",Flower,20
minecraft:azure_bluet,,Common,None,"Plant, Natural, Flower",Flower,20
minecraft:red_tulip,,Common,None,"Plant, Natural, Flower",Flower,20
minecraft:orange_tulip,,Common,None,"Plant, Natural, Flower",Flower,20
minecraft:white_tulip,,Common,None,"Plant, Natural, Flower",Flower,20
minecraft:pink_tulip,,Common,None,"Plant, Natural, Flower",Flower,20
minecraft:oxeye_daisy,,Common,None,"Plant, Natural, Flower",Flower,20
minecraft:cornflower,,Common,None,"Plant, Natural, Flower",Flower,20
minecraft:lily_of_the_valley,,Common,None,"Plant, Natural, Flower",Flower,20
minecraft:wither_rose,,Rare,None,"Plant, Natural, Flower, Wither, Trap Component",Flower,675
minecraft:torchflower,,Uncommon,None,"Plant, Natural, Flower",Flower,220
minecraft:pitcher_plant,,Uncommon,None,"Plant, Natural, Flower",Flower,220
minecraft:spore_blossom,,Rare,None,"Plant, Natural, Flower, Light-Emitting",Flower,440
minecraft:brown_mushroom,,Mundane,None,"Plant, Natural, Shrooms",Mushrooms,25
minecraft:red_mushroom,,Mundane,None,"Plant, Natural, Shrooms",Mushrooms,25
minecraft:crimson_fungus,Nether,Mundane,None,"Plant, Natural, Shrooms, Hellish",Mushrooms,55
minecraft:warped_fungus,Nether,Mundane,None,"Plant, Natural, Shrooms, Hellish",Mushrooms,55
minecraft:crimson_roots,Nether,Mundane,None,"Plant, Natural, Shrooms, Hellish",Plants,2
minecraft:warped_roots,Nether,Mundane,None,"Plant, Natural, Shrooms, Hellish",Plants,2
minecraft:nether_sprouts,Nether,Mundane,None,"Plant, Natural, Shrooms, Hellish",Plants,2
minecraft:weeping_vines,Nether,Mundane,None,"Plant, Natural, Shrooms, Hellish, Climbable, Vine",Vines,8
minecraft:twisting_vines,Nether,Mundane,None,"Plant, Natural, Shrooms, Hellish, Climbable, Vine",Vines,8
minecraft:sugar_cane,,Mundane,None,"Plant, Natural",Plants,9
minecraft:kelp,,Mundane,None,"Plant, Natural, Wet",Plants,2
minecraft:moss_carpet,,Mundane,None,"Plant, Natural, Dirty",Moss,6
minecraft:pink_petals,,Mundane,None,"Plant, Natural, Flower",Flower,15
minecraft:moss_block,,Mundane,None,"Plant, Natural, Dirty",Moss,10
minecraft:hanging_roots,,Mundane,None,"Natural, Dirty, Wooden",Roots,2
minecraft:big_dripleaf,,Common,None,"Plant, Natural, Wet",Dripleaf,10
minecraft:small_dripleaf,,Common,None,"Plant, Natural, Wet",Dripleaf,20
minecraft:bamboo,,Mundane,None,"Wooden, Stick",Bamboo,2
minecraft:oak_slab,,Mundane,None,"Wooden, Planks, Slab",Planks,2
minecraft:spruce_slab,,Mundane,None,"Wooden, Planks, Slab",Planks,2
minecraft:birch_slab,,Mundane,None,"Wooden, Planks, Slab",Planks,2
minecraft:jungle_slab,,Mundane,None,"Wooden, Planks, Slab",Planks,2
minecraft:acacia_slab,,Mundane,None,"Wooden, Planks, Slab",Planks,2
minecraft:cherry_slab,,Mundane,None,"Wooden, Planks, Slab",Planks,2
minecraft:dark_oak_slab,,Mundane,None,"Wooden, Planks, Slab",Planks,2
minecraft:mangrove_slab,,Mundane,None,"Wooden, Planks, Slab",Planks,2
minecraft:bamboo_slab,,Mundane,None,"Wooden, Planks, Slab",Planks,2
minecraft:bamboo_mosaic_slab,,Mundane,None,"Wooden, Planks, Slab",Planks,2
minecraft:crimson_slab,Nether,Mundane,None,"Wooden, Planks, Slab, Hellish",Planks,3
minecraft:warped_slab,Nether,Mundane,None,"Wooden, Planks, Slab, Hellish",Planks,3
minecraft:stone_slab,,Mundane,None,"Stony, Slab",Stone,1
minecraft:smooth_stone_slab,,Common,None,"Stony, Slab",Stone,3
minecraft:sandstone_slab,,Mundane,None,"Bricks, Aggregates",Sand,4
minecraft:cut_sandstone_slab,,Common,None,"Aggregates, Decoration",Sand,5
minecraft:brick_slab,,Mundane,None,"Bricks, Decoration",Bricks,12
minecraft:stone_brick_slab,,Common,None,"Stony, Bricks, Decoration, Slab",Stone,6
minecraft:mud_brick_slab,,Mundane,None,"Dirty, Wet, Bricks, Slab",Dirt,3
minecraft:nether_brick_slab,Nether,Mundane,None,"Stony, Bricks, Decoration, Hellish, Slab",Nether Bricks,4
minecraft:quartz_slab,,Curious,None,"Decoration, Slab, Quartz",Quartz,80
minecraft:red_sandstone_slab,,,,,,
minecraft:cut_red_sandstone_slab,,,,,,
minecraft:purpur_slab,,,,,,
minecraft:prismarine_slab,,,,,,
minecraft:prismarine_brick_slab,,,,,,
minecraft:dark_prismarine_slab,,,,,,
minecraft:smooth_quartz,,,,,,
minecraft:smooth_red_sandstone,,,,,,
minecraft:smooth_sandstone,,,,,,
minecraft:smooth_stone,,Common,None,"Stony, Decoration",Stone,6
minecraft:bricks,,Mundane,None,"Bricks, Decoration",Bricks,24
minecraft:bookshelf,,,,,,
minecraft:chiseled_bookshelf,,,,,,
minecraft:decorated_pot,,,,,,
minecraft:mossy_cobblestone,,,,,,
minecraft:obsidian,,,,,,
minecraft:torch,,,,,,
minecraft:end_rod,,,,,,
minecraft:chorus_plant,,,,,,
minecraft:chorus_flower,,,,,,
minecraft:purpur_block,,,,,,
minecraft:purpur_pillar,,,,,,
minecraft:purpur_stairs,,,,,,
minecraft:spawner,,,,,,
minecraft:chest,,,,,,
minecraft:crafting_table,,,,,,
minecraft:farmland,,,,,,
minecraft:furnace,,,,,,
minecraft:ladder,,,,,,
minecraft:cobblestone_stairs,,,,,,
minecraft:snow,,,,,,
minecraft:ice,,,,,,
minecraft:snow_block,,,,,,
minecraft:cactus,,,,,,
minecraft:clay,,Mundane,None,"Dirty, Natural, Wet, Compressed",Clay,20
minecraft:jukebox,,,,,,
minecraft:oak_fence,,,,,,
minecraft:spruce_fence,,,,,,
minecraft:birch_fence,,,,,,
minecraft:jungle_fence,,,,,,
minecraft:acacia_fence,,,,,,
minecraft:cherry_fence,,,,,,
minecraft:dark_oak_fence,,,,,,
minecraft:mangrove_fence,,,,,,
minecraft:bamboo_fence,,,,,,
minecraft:crimson_fence,,,,,,
minecraft:warped_fence,,,,,,
minecraft:pumpkin,,,,,,
minecraft:carved_pumpkin,,,,,,
minecraft:jack_o_lantern,,,,,,
minecraft:netherrack,Nether,Mundane,None,"Hellish, Stony",Netherrack,1
minecraft:soul_sand,,,,,,
minecraft:soul_soil,,,,,,
minecraft:basalt,,,,,,
minecraft:polished_basalt,,,,,,
minecraft:smooth_basalt,,,,,,
minecraft:soul_torch,,,,,,
minecraft:glowstone,,,,,,
minecraft:infested_stone,,,,,,
minecraft:infested_cobblestone,,,,,,
minecraft:infested_stone_bricks,,,,,,
minecraft:infested_mossy_stone_bricks,,,,,,
minecraft:infested_cracked_stone_bricks,,,,,,
minecraft:infested_chiseled_stone_bricks,,,,,,
minecraft:infested_deepslate,,,,,,
minecraft:stone_bricks,,Common,None,"Stony, Bricks, Decoration",Stone,6
minecraft:mossy_stone_bricks,,,,,,
minecraft:cracked_stone_bricks,,,,,,
minecraft:chiseled_stone_bricks,,,,,,
minecraft:packed_mud,,,,,,
minecraft:mud_bricks,,Mundane,None,"Dirty, Wet, Bricks",Dirt,7
minecraft:deepslate_bricks,,,,,,
minecraft:cracked_deepslate_bricks,,,,,,
minecraft:deepslate_tiles,,,,,,
minecraft:cracked_deepslate_tiles,,,,,,
minecraft:chiseled_deepslate,,,,,,
minecraft:reinforced_deepslate,,,,,,
minecraft:brown_mushroom_block,,,,,,
minecraft:red_mushroom_block,,,,,,
minecraft:mushroom_stem,,,,,,
minecraft:iron_bars,,,,,,
minecraft:chain,,Common,None,"Iron, Metal, Decoration",,
minecraft:glass_pane,,,,,,
minecraft:melon,,,,,,
minecraft:vine,,,,,,
minecraft:glow_lichen,,,,,,
minecraft:brick_stairs,,,,,,
minecraft:stone_brick_stairs,,,,,,
minecraft:mud_brick_stairs,,,,,,
minecraft:mycelium,,,,,,
minecraft:lily_pad,,,,,,
minecraft:nether_bricks,Nether,Mundane,None,"Stony, Bricks, Decoration, Hellish",Nether Bricks,8
minecraft:cracked_nether_bricks,,,,,,
minecraft:chiseled_nether_bricks,,,,,,
minecraft:nether_brick_fence,,,,,,
minecraft:nether_brick_stairs,,,,,,
minecraft:sculk,,,,,,
minecraft:sculk_vein,,,,,,
minecraft:sculk_catalyst,,,,,,
minecraft:sculk_shrieker,,,,,,
minecraft:enchanting_table,,,,,,
minecraft:end_portal_frame,,,,,,
minecraft:end_stone,,,,,,
minecraft:end_stone_bricks,,,,,,
minecraft:dragon_egg,,,,,,
minecraft:sandstone_stairs,,,,,,
minecraft:ender_chest,,,,,,
minecraft:emerald_block,,,,,,
minecraft:oak_stairs,,,,,,
minecraft:spruce_stairs,,,,,,
minecraft:birch_stairs,,,,,,
minecraft:jungle_stairs,,,,,,
minecraft:acacia_stairs,,,,,,
minecraft:cherry_stairs,,,,,,
minecraft:dark_oak_stairs,,,,,,
minecraft:mangrove_stairs,,,,,,
minecraft:bamboo_stairs,,,,,,
minecraft:bamboo_mosaic_stairs,,,,,,
minecraft:crimson_stairs,,,,,,
minecraft:warped_stairs,,,,,,
minecraft:beacon,,,,,,
minecraft:cobblestone_wall,,,,,,
minecraft:mossy_cobblestone_wall,,,,,,a910
minecraft:brick_wall,,,,,,a910
minecraft:prismarine_wall,,,,,,a910
minecraft:red_sandstone_wall,,,,,,
minecraft:mossy_stone_brick_wall,,,,,,
minecraft:granite_wall,,,,,,
minecraft:stone_brick_wall,,,,,,
minecraft:mud_brick_wall,,,,,,
minecraft:nether_brick_wall,,,,,,
minecraft:andesite_wall,,,,,,
minecraft:red_nether_brick_wall,,,,,,
minecraft:sandstone_wall,,,,,,
minecraft:end_stone_brick_wall,,,,,,
minecraft:diorite_wall,,,,,,
minecraft:blackstone_wall,,,,,,
minecraft:polished_blackstone_wall,,,,,,
minecraft:polished_blackstone_brick_wall,,,,,,
minecraft:cobbled_deepslate_wall,,,,,,
minecraft:polished_deepslate_wall,,,,,,
minecraft:deepslate_brick_wall,,,,,,
minecraft:deepslate_tile_wall,,,,,,
minecraft:anvil,,,,,,
minecraft:chipped_anvil,,,,,,
minecraft:damaged_anvil,,,,,,
minecraft:chiseled_quartz_block,,,,,,
minecraft:quartz_block,,Curious,None,"Compressed, Quartz",Quartz,160
minecraft:quartz_bricks,,,,,,
minecraft:quartz_pillar,,,,,,
minecraft:quartz_stairs,,,,,,
minecraft:white_terracotta,,,,,,
minecraft:orange_terracotta,,,,,,
minecraft:magenta_terracotta,,,,,,
minecraft:light_blue_terracotta,,,,,,
minecraft:yellow_terracotta,,,,,,
minecraft:lime_terracotta,,,,,,
minecraft:pink_terracotta,,,,,,
minecraft:gray_terracotta,,,,,,
minecraft:light_gray_terracotta,,,,,,
minecraft:cyan_terracotta,,,,,,
minecraft:purple_terracotta,,,,,,
minecraft:blue_terracotta,,,,,,
minecraft:brown_terracotta,,,,,,
minecraft:green_terracotta,,,,,,
minecraft:red_terracotta,,,,,,
minecraft:black_terracotta,,,,,,
minecraft:barrier,,,,,,
minecraft:light,,,,,,
minecraft:hay_block,,,,,,
minecraft:white_carpet,,,,,,
minecraft:orange_carpet,,,,,,
minecraft:magenta_carpet,,,,,,
minecraft:light_blue_carpet,,,,,,
minecraft:yellow_carpet,,,,,,
minecraft:lime_carpet,,,,,,
minecraft:pink_carpet,,,,,,
minecraft:gray_carpet,,,,,,
minecraft:light_gray_carpet,,,,,,
minecraft:cyan_carpet,,,,,,
minecraft:purple_carpet,,,,,,
minecraft:blue_carpet,,,,,,
minecraft:brown_carpet,,,,,,
minecraft:green_carpet,,,,,,
minecraft:red_carpet,,,,,,
minecraft:black_carpet,,,,,,
minecraft:terracotta,,,,,,
minecraft:packed_ice,,,,,,
minecraft:dirt_path,,,,,,
minecraft:sunflower,,,,,,
minecraft:lilac,,,,,,
minecraft:rose_bush,,,,,,
minecraft:peony,,,,,,
minecraft:tall_grass,,,,,,
minecraft:large_fern,,,,,,
minecraft:white_stained_glass,,,,,,
minecraft:orange_stained_glass,,,,,,
minecraft:magenta_stained_glass,,,,,,
minecraft:light_blue_stained_glass,,,,,,
minecraft:yellow_stained_glass,,,,,,
minecraft:lime_stained_glass,,,,,,
minecraft:pink_stained_glass,,,,,,
minecraft:gray_stained_glass,,,,,,
minecraft:light_gray_stained_glass,,,,,,
minecraft:cyan_stained_glass,,,,,,
minecraft:purple_stained_glass,,,,,,
minecraft:blue_stained_glass,,,,,,
minecraft:brown_stained_glass,,,,,,
minecraft:green_stained_glass,,,,,,
minecraft:red_stained_glass,,,,,,
minecraft:black_stained_glass,,,,,,
minecraft:white_stained_glass_pane,,,,,,
minecraft:orange_stained_glass_pane,,,,,,
minecraft:magenta_stained_glass_pane,,,,,,
minecraft:light_blue_stained_glass_pane,,,,,,
minecraft:yellow_stained_glass_pane,,,,,,
minecraft:lime_stained_glass_pane,,,,,,
minecraft:pink_stained_glass_pane,,,,,,
minecraft:gray_stained_glass_pane,,,,,,
minecraft:light_gray_stained_glass_pane,,,,,,
minecraft:cyan_stained_glass_pane,,,,,,
minecraft:purple_stained_glass_pane,,,,,,
minecraft:blue_stained_glass_pane,,,,,,
minecraft:brown_stained_glass_pane,,,,,,
minecraft:green_stained_glass_pane,,,,,,
minecraft:red_stained_glass_pane,,,,,,
minecraft:black_stained_glass_pane,,,,,,
minecraft:prismarine,,,,,,
minecraft:prismarine_bricks,,,,,,
minecraft:dark_prismarine,,,,,,
minecraft:prismarine_stairs,,,,,,
minecraft:prismarine_brick_stairs,,,,,,
minecraft:dark_prismarine_stairs,,,,,,
minecraft:sea_lantern,,,,,,
minecraft:red_sandstone,,,,,,
minecraft:chiseled_red_sandstone,,,,,,
minecraft:cut_red_sandstone,,,,,,
minecraft:red_sandstone_stairs,,,,,,
minecraft:magma_block,,,,,,
minecraft:nether_wart_block,,,,,,
minecraft:warped_wart_block,,,,,,
minecraft:red_nether_bricks,,,,,,
minecraft:bone_block,,,,,,
minecraft:structure_void,,,,,,
minecraft:shulker_box,,,,,,
minecraft:white_shulker_box,,,,,,
minecraft:orange_shulker_box,,,,,,
minecraft:magenta_shulker_box,,,,,,
minecraft:light_blue_shulker_box,,,,,,
minecraft:yellow_shulker_box,,,,,,
minecraft:lime_shulker_box,,,,,,
minecraft:pink_shulker_box,,,,,,
minecraft:gray_shulker_box,,,,,,
minecraft:light_gray_shulker_box,,,,,,
minecraft:cyan_shulker_box,,,,,,
minecraft:purple_shulker_box,,,,,,
minecraft:blue_shulker_box,,,,,,
minecraft:brown_shulker_box,,,,,,
minecraft:green_shulker_box,,,,,,
minecraft:red_shulker_box,,,,,,
minecraft:black_shulker_box,,,,,,
minecraft:white_glazed_terracotta,,,,,,
minecraft:orange_glazed_terracotta,,,,,,
minecraft:magenta_glazed_terracotta,,,,,,
minecraft:light_blue_glazed_terracotta,,,,,,
minecraft:yellow_glazed_terracotta,,,,,,
minecraft:lime_glazed_terracotta,,,,,,
minecraft:pink_glazed_terracotta,,,,,,
minecraft:gray_glazed_terracotta,,,,,,
minecraft:light_gray_glazed_terracotta,,,,,,
minecraft:cyan_glazed_terracotta,,,,,,
minecraft:purple_glazed_terracotta,,,,,,
minecraft:blue_glazed_terracotta,,,,,,
minecraft:brown_glazed_terracotta,,,,,,
minecraft:green_glazed_terracotta,,,,,,
minecraft:red_glazed_terracotta,,,,,,
minecraft:black_glazed_terracotta,,,,,,
minecraft:white_concrete,,,,,,
minecraft:orange_concrete,,,,,,
minecraft:magenta_concrete,,,,,,
minecraft:light_blue_concrete,,,,,,
minecraft:yellow_concrete,,,,,,
minecraft:lime_concrete,,,,,,
minecraft:pink_concrete,,,,,,
minecraft:gray_concrete,,,,,,
minecraft:light_gray_concrete,,,,,,
minecraft:cyan_concrete,,,,,,
minecraft:purple_concrete,,,,,,
minecraft:blue_concrete,,,,,,
minecraft:brown_concrete,,,,,,
minecraft:green_concrete,,,,,,
minecraft:red_concrete,,,,,,
minecraft:black_concrete,,,,,,
minecraft:white_concrete_powder,,,,,,
minecraft:orange_concrete_powder,,,,,,
minecraft:magenta_concrete_powder,,,,,,
minecraft:light_blue_concrete_powder,,,,,,
minecraft:yellow_concrete_powder,,,,,,
minecraft:lime_concrete_powder,,,,,,
minecraft:pink_concrete_powder,,,,,,
minecraft:gray_concrete_powder,,,,,,
minecraft:light_gray_concrete_powder,,,,,,
minecraft:cyan_concrete_powder,,,,,,
minecraft:purple_concrete_powder,,,,,,
minecraft:blue_concrete_powder,,,,,,
minecraft:brown_concrete_powder,,,,,,
minecraft:green_concrete_powder,,,,,,
minecraft:red_concrete_powder,,,,,,
minecraft:black_concrete_powder,,,,,,
minecraft:turtle_egg,,,,,,
minecraft:sniffer_egg,,,,,,
minecraft:dead_tube_coral_block,,,,,,
minecraft:dead_brain_coral_block,,,,,,
minecraft:dead_bubble_coral_block,,,,,,
minecraft:dead_fire_coral_block,,,,,,
minecraft:dead_horn_coral_block,,,,,,
minecraft:tube_coral_block,,,,,,
minecraft:brain_coral_block,,,,,,
minecraft:bubble_coral_block,,,,,,
minecraft:fire_coral_block,,,,,,
minecraft:horn_coral_block,,,,,,
minecraft:tube_coral,,,,,,
minecraft:brain_coral,,,,,,
minecraft:bubble_coral,,,,,,
minecraft:fire_coral,,,,,,
minecraft:horn_coral,,,,,,
minecraft:dead_brain_coral,,,,,,
minecraft:dead_bubble_coral,,,,,,
minecraft:dead_fire_coral,,,,,,
minecraft:dead_horn_coral,,,,,,
minecraft:dead_tube_coral,,,,,,
minecraft:tube_coral_fan,,,,,,
minecraft:brain_coral_fan,,,,,,
minecraft:bubble_coral_fan,,,,,,
minecraft:fire_coral_fan,,,,,,
minecraft:horn_coral_fan,,,,,,
minecraft:dead_tube_coral_fan,,,,,,
minecraft:dead_brain_coral_fan,,,,,,
minecraft:dead_bubble_coral_fan,,,,,,
minecraft:dead_fire_coral_fan,,,,,,
minecraft:dead_horn_coral_fan,,,,,,
minecraft:blue_ice,,,,,,
minecraft:conduit,,,,,,
minecraft:polished_granite_stairs,,,,,,
minecraft:smooth_red_sandstone_stairs,,,,,,
minecraft:mossy_stone_brick_stairs,,,,,,
minecraft:polished_diorite_stairs,,,,,,
minecraft:mossy_cobblestone_stairs,,,,,,
minecraft:end_stone_brick_stairs,,,,,,
minecraft:stone_stairs,,,,,,
minecraft:smooth_sandstone_stairs,,,,,,
minecraft:smooth_quartz_stairs,,,,,,
minecraft:granite_stairs,,,,,,
minecraft:andesite_stairs,,,,,,
minecraft:red_nether_brick_stairs,,,,,,
minecraft:polished_andesite_stairs,,,,,,
minecraft:diorite_stairs,,,,,,
minecraft:cobbled_deepslate_stairs,,,,,,
minecraft:polished_deepslate_stairs,,,,,,
minecraft:deepslate_brick_stairs,,,,,,
minecraft:deepslate_tile_stairs,,,,,,
minecraft:polished_granite_slab,,,,,,
minecraft:smooth_red_sandstone_slab,,,,,,
minecraft:mossy_stone_brick_slab,,,,,,
minecraft:polished_diorite_slab,,,,,,
minecraft:mossy_cobblestone_slab,,,,,,
minecraft:end_stone_brick_slab,,,,,,
minecraft:smooth_sandstone_slab,,,,,,
minecraft:smooth_quartz_slab,,,,,,
minecraft:granite_slab,,,,,,
minecraft:andesite_slab,,,,,,
minecraft:red_nether_brick_slab,,,,,,
minecraft:polished_andesite_slab,,,,,,
minecraft:diorite_slab,,,,,,
minecraft:cobbled_deepslate_slab,,,,,,
minecraft:polished_deepslate_slab,,,,,,
minecraft:deepslate_brick_slab,,,,,,
minecraft:deepslate_tile_slab,,,,,,
minecraft:scaffolding,,,,,,
minecraft:redstone,,,,,,
minecraft:redstone_torch,,,,,,
minecraft:redstone_block,,,,,,
minecraft:repeater,,,,,,
minecraft:comparator,,,,,,
minecraft:piston,,,,,,
minecraft:sticky_piston,,,,,,
minecraft:slime_block,,,,,,
minecraft:honey_block,,,,,,
minecraft:observer,,,,,,
minecraft:hopper,,,,,,
minecraft:dispenser,,,,,,
minecraft:dropper,,,,,,
minecraft:lectern,,,,,,
minecraft:target,,,,,,
minecraft:lever,,,,,,
minecraft:lightning_rod,,,,,,
minecraft:daylight_detector,,,,,,
minecraft:sculk_sensor,,,,,,
minecraft:calibrated_sculk_sensor,,,,,,
minecraft:tripwire_hook,,,,,,
minecraft:trapped_chest,,,,,,
minecraft:tnt,,,,,,
minecraft:redstone_lamp,,,,,,
minecraft:note_block,,,,,,
minecraft:stone_button,,,,,,
minecraft:polished_blackstone_button,,,,,,
minecraft:oak_button,,,,,,
minecraft:spruce_button,,,,,,
minecraft:birch_button,,,,,,
minecraft:jungle_button,,,,,,
minecraft:acacia_button,,,,,,
minecraft:cherry_button,,,,,,
minecraft:dark_oak_button,,,,,,
minecraft:mangrove_button,,,,,,
minecraft:bamboo_button,,,,,,
minecraft:crimson_button,,,,,,
minecraft:warped_button,,,,,,
minecraft:stone_pressure_plate,,,,,,
minecraft:polished_blackstone_pressure_plate,,,,,,
minecraft:light_weighted_pressure_plate,,,,,,
minecraft:heavy_weighted_pressure_plate,,,,,,
minecraft:oak_pressure_plate,,,,,,
minecraft:spruce_pressure_plate,,,,,,
minecraft:birch_pressure_plate,,,,,,
minecraft:jungle_pressure_plate,,,,,,
minecraft:acacia_pressure_plate,,,,,,
minecraft:cherry_pressure_plate,,,,,,
minecraft:dark_oak_pressure_plate,,,,,,
minecraft:mangrove_pressure_plate,,,,,,
minecraft:bamboo_pressure_plate,,,,,,
minecraft:crimson_pressure_plate,,,,,,
minecraft:warped_pressure_plate,,,,,,
minecraft:iron_door,,,,,,
minecraft:oak_door,,,,,,
minecraft:spruce_door,,,,,,
minecraft:birch_door,,,,,,
minecraft:jungle_door,,,,,,
minecraft:acacia_door,,,,,,
minecraft:cherry_door,,,,,,
minecraft:dark_oak_door,,,,,,
minecraft:mangrove_door,,,,,,
minecraft:bamboo_door,,,,,,
minecraft:crimson_door,,,,,,
minecraft:warped_door,,,,,,
minecraft:iron_trapdoor,,,,,,
minecraft:oak_trapdoor,,,,,,
minecraft:spruce_trapdoor,,,,,,
minecraft:birch_trapdoor,,,,,,
minecraft:jungle_trapdoor,,,,,,
minecraft:acacia_trapdoor,,,,,,
minecraft:cherry_trapdoor,,,,,,
minecraft:dark_oak_trapdoor,,,,,,
minecraft:mangrove_trapdoor,,,,,,
minecraft:bamboo_trapdoor,,,,,,
minecraft:crimson_trapdoor,,,,,,
minecraft:warped_trapdoor,,,,,,
minecraft:oak_fence_gate,,,,,,
minecraft:spruce_fence_gate,,,,,,
minecraft:birch_fence_gate,,,,,,
minecraft:jungle_fence_gate,,,,,,
minecraft:acacia_fence_gate,,,,,,
minecraft:cherry_fence_gate,,,,,,
minecraft:dark_oak_fence_gate,,,,,,
minecraft:mangrove_fence_gate,,,,,,
minecraft:bamboo_fence_gate,,,,,,
minecraft:crimson_fence_gate,,,,,,
minecraft:warped_fence_gate,,,,,,
minecraft:powered_rail,,,,,,
minecraft:detector_rail,,,,,,
minecraft:rail,,,,,,
minecraft:activator_rail,,,,,,
minecraft:saddle,,,,,,
minecraft:minecart,,,,,,
minecraft:chest_minecart,,,,,,
minecraft:furnace_minecart,,,,,,
minecraft:tnt_minecart,,,,,,
minecraft:hopper_minecart,,,,,,
minecraft:carrot_on_a_stick,,,,,,
minecraft:warped_fungus_on_a_stick,,,,,,
minecraft:elytra,,,,,,
minecraft:oak_boat,,,,,,
minecraft:oak_chest_boat,,,,,,
minecraft:spruce_boat,,,,,,
minecraft:spruce_chest_boat,,,,,,
minecraft:birch_boat,,,,,,
minecraft:birch_chest_boat,,,,,,
minecraft:jungle_boat,,,,,,
minecraft:jungle_chest_boat,,,,,,
minecraft:acacia_boat,,,,,,
minecraft:acacia_chest_boat,,,,,,
minecraft:cherry_boat,,,,,,
minecraft:cherry_chest_boat,,,,,,
minecraft:dark_oak_boat,,,,,,
minecraft:dark_oak_chest_boat,,,,,,
minecraft:mangrove_boat,,,,,,
minecraft:mangrove_chest_boat,,,,,,
minecraft:bamboo_raft,,,,,,
minecraft:bamboo_chest_raft,,,,,,
minecraft:structure_block,,,,,,
minecraft:jigsaw,,,,,,
minecraft:turtle_helmet,,,,,,
minecraft:scute,,,,,,
minecraft:flint_and_steel,,,,,,
minecraft:apple,,,,,,
minecraft:bow,,,,,,
minecraft:arrow,,,,,,
minecraft:air,Marker,Marker:Ingots,,,,
minecraft:coal,,Mundane,None,"Gem, Coal",Coal,30
minecraft:charcoal,,Mundane,None,Coal,Coal,25
minecraft:diamond,,Epic,None,Gem Diamond,Diamond,14500
minecraft:emerald,,Epic,None,"Emerald, Gem",Emerald,100
minecraft:lapis_lazuli,,Mundane,None,"Lapis, Gem",Lapis,45
minecraft:quartz,,Common,None,Quartz,Quartz,40
minecraft:amethyst_shard,,Curious,None,"Gem, Crystal",Amethyst,40
minecraft:raw_iron,,Uncommon,None,"Metal, Iron",Iron,300
minecraft:iron_ingot,,Uncommon,None,"Metal, Iron",Iron,350
minecraft:raw_copper,,Common,None,"Copper, Metal",Copper,45
minecraft:copper_ingot,,Common,None,"Copper, Metal",Copper,50
minecraft:raw_gold,,Uncommon,None,"Golden, Metal",Gold,1125
minecraft:gold_ingot,,Uncommon,None,"Golden, Metal",Gold,1200
minecraft:netherite_ingot,Nether,Mythic,None,"Netherite, Hellish",Netherite,275000
minecraft:netherite_scrap,Nether,Exalted,None,"Netherite, Hellish",Netherite,65000
minecraft:wooden_sword,,Mundane,Melee,"Wooden, Sword, Weapon",Wood,22
minecraft:wooden_shovel,,Mundane,Tool,"Wooden, Shovel, Tool",Wood,14
minecraft:wooden_pickaxe,,Mundane,Tool,"Wooden, Pickaxe, Tool",Wood,34
minecraft:wooden_axe,,Mundane,Tool,"Wooden, Axe, Weapon, Tool",Wood,34
minecraft:wooden_hoe,,Mundane,Tool,"Wooden, Hoe, Tool",Wood,24
minecraft:stone_sword,,Common,Melee,"Stony, Sword, Weapon",Stone,4
minecraft:stone_shovel,,Common,Tool,"Stony, Shovel, Tool",Stone,5
minecraft:stone_pickaxe,,Common,Tool,"Stony, Pickaxe, Tool",Stone,7
minecraft:stone_axe,,Common,Tool,"Stony, Axe, Weapon, Tool",Stone,7
minecraft:stone_hoe,,Common,Tool,"Stony, Hoe, Tool",Stone,5
minecraft:golden_sword,,Uncommon,Melee,"Golden, Metal, Sword, Weapon",Gold,"2642,2"
minecraft:golden_shovel,,Uncommon,Tool,"Golden, Metal, Shovel, Tool",Gold,"1324,4"
minecraft:golden_pickaxe,,Uncommon,Tool,"Golden, Metal, Pickaxe, Tool",Gold,"3964,4"
minecraft:golden_axe,,Uncommon,Tool,"Golden, Metal, Axe, Weapon, Tool",Gold,"3964,4"
minecraft:golden_hoe,,Uncommon,Tool,"Golden, Metal, Hoe, Tool",Gold,"2644,4"
minecraft:iron_sword,,Common,Melee,"Metal, Iron, Sword, Weapon",Iron,772
minecraft:iron_shovel,,Common,Tool,"Iron, Metal, Shovel, Tool",Iron,389
minecraft:iron_pickaxe,,Common,Tool,"Iron, Metal, Pickaxe, Tool",Iron,1159
minecraft:iron_axe,,Common,Tool,"Iron, Metal, Axe, Weapon, Tool",Iron,1159
minecraft:iron_hoe,,Common,Tool,"Iron, Metal, Hoe, Tool",Iron,774
minecraft:diamond_sword,,Epic,Melee,"Gem, Crystal, Sword, Weapon",Diamond,"31902,2"
minecraft:diamond_shovel,,Epic,Tool,"Gem, Crystal, Shovel, Tool",Diamond,"15954,4"
minecraft:diamond_pickaxe,,Epic,Tool,"Gem, Crystal, Pickaxe, Tool",Diamond,"47854,4"
minecraft:diamond_axe,,Epic,Tool,"Gem, Crystal, Axe, Tool, Weapon",Diamond,"47854,4"
minecraft:diamond_hoe,,Epic,Tool,"Gem, Crystal, Hoe, Tool",Diamond,"31904,4"
minecraft:netherite_sword,,,,,,
minecraft:netherite_shovel,,,,,,
minecraft:netherite_pickaxe,,,,,,
minecraft:netherite_axe,,,,,,
minecraft:netherite_hoe,,,,,,
minecraft:stick,,Mundane,None,"Wooden, Stick",Stick,2
minecraft:bowl,,,,,,
minecraft:mushroom_stew,,,,,,
minecraft:string,,,,,,
minecraft:feather,,,,,,
minecraft:gunpowder,,,,,,
minecraft:wheat_seeds,,,,,,
minecraft:wheat,,,,,,
minecraft:bread,,,,,,
minecraft:leather_helmet,,Mundane,Armor,"Leather, Helmet, Armor",Leather,192
minecraft:leather_chestplate,,Mundane,Armor,"Leather, Chestplate, Armor",Leather,308
minecraft:leather_leggings,,Mundane,Armor,"Leather, Leggings, Armor",Leather,270
minecraft:leather_boots,,Mundane,Armor,"Leather, Boots, Armor",Leather,154
minecraft:chainmail_helmet,,Common,Armor,"Chain, Helmet, Armor",Chain,440
minecraft:chainmail_chestplate,,Common,Armor,"Chain, Chestplate, Armor",Chain,704
minecraft:chainmail_leggings,,Common,Armor,"Chain, Leggings, Armor",Chain,616
minecraft:chainmail_boots,,Common,Armor,"Chain, Boots, Armor",Chain,352
minecraft:iron_helmet,,Common,Armor,"Iron, Metal, Helmet, Armor",Iron,1925
minecraft:iron_chestplate,,Common,Armor,"Iron, Metal, Chestplate, Armor",Iron,3080
minecraft:iron_leggings,,Common,Armor,"Iron, Metal, Leggings, Armor",Iron,2695
minecraft:iron_boots,,Common,Armor,"Iron, Metal, Boots, Armor",Iron,1540
minecraft:diamond_helmet,,Epic,Armor,"Gem, Crystal, Helmet, Armor",Diamond,63800
minecraft:diamond_chestplate,,Epic,Armor,"Gem, Crystal, Chestplate, Armor",Diamond,127600
minecraft:diamond_leggings,,Epic,Armor,"Gem, Crystal, Leggings, Armor",Diamond,111650
minecraft:diamond_boots,,Epic,Armor,"Gem, Crystal, Boots, Armor",Diamond,63800
minecraft:golden_helmet,,Uncommon,Armor,"Golden, Metal, Helmet, Armor",Gold,6600
minecraft:golden_chestplate,,Uncommon,Armor,"Golden, Metal, Chestplate, Armor",Gold,10560
minecraft:golden_leggings,,Uncommon,Armor,"Golden, Metal, Leggings, Armor",Gold,9240
minecraft:golden_boots,,Uncommon,Armor,"Golden, Metal, Boots, Armor",Gold,5280
minecraft:netherite_helmet,,,,,,
minecraft:netherite_chestplate,,,,,,
minecraft:netherite_leggings,,,,,,
minecraft:netherite_boots,,,,,,
minecraft:flint,,,,,,
minecraft:porkchop,,,,,,
minecraft:cooked_porkchop,,,,,,
minecraft:painting,,,,,,
minecraft:golden_apple,,,,,,
minecraft:enchanted_golden_apple,,,,,,
minecraft:oak_sign,,,,,,
minecraft:spruce_sign,,,,,,
minecraft:birch_sign,,,,,,
minecraft:jungle_sign,,,,,,
minecraft:acacia_sign,,,,,,
minecraft:cherry_sign,,,,,,
minecraft:dark_oak_sign,,,,,,
minecraft:mangrove_sign,,,,,,
minecraft:bamboo_sign,,,,,,
minecraft:crimson_sign,,,,,,
minecraft:warped_sign,,,,,,
minecraft:oak_hanging_sign,,,,,,
minecraft:spruce_hanging_sign,,,,,,
minecraft:birch_hanging_sign,,,,,,
minecraft:jungle_hanging_sign,,,,,,
minecraft:acacia_hanging_sign,,,,,,
minecraft:cherry_hanging_sign,,,,,,
minecraft:dark_oak_hanging_sign,,,,,,
minecraft:mangrove_hanging_sign,,,,,,
minecraft:bamboo_hanging_sign,,,,,,
minecraft:crimson_hanging_sign,,,,,,
minecraft:warped_hanging_sign,,,,,,
minecraft:bucket,,,,,,
minecraft:water_bucket,,,,,,
minecraft:lava_bucket,,,,,,
minecraft:powder_snow_bucket,,,,,,
minecraft:snowball,,,,,,
minecraft:leather,,Mundane,None,"Leather, Natural",Leather,35
minecraft:milk_bucket,,,,,,
minecraft:pufferfish_bucket,,,,,,
minecraft:salmon_bucket,,,,,,
minecraft:cod_bucket,,,,,,
minecraft:tropical_fish_bucket,,,,,,
minecraft:axolotl_bucket,,,,,,
minecraft:tadpole_bucket,,,,,,
minecraft:brick,,Mundane,None,Bricks,Bricks,6
minecraft:clay_ball,,Mundane,None,"Dirty, Natural, Wet",Clay,5
minecraft:dried_kelp_block,,,,,,
minecraft:paper,,,,,,
minecraft:book,,,,,,
minecraft:slime_ball,,,,,,
minecraft:egg,,,,,,
minecraft:compass,,,,,,
minecraft:recovery_compass,,,,,,
minecraft:bundle,,,,,,
minecraft:fishing_rod,,,,,,
minecraft:clock,,,,,,
minecraft:spyglass,,,,,,
minecraft:glowstone_dust,,,,,,
minecraft:cod,,,,,,
minecraft:salmon,,,,,,
minecraft:tropical_fish,,,,,,
minecraft:pufferfish,,,,,,
minecraft:cooked_cod,,,,,,
minecraft:cooked_salmon,,,,,,
minecraft:ink_sac,,,,,,
minecraft:glow_ink_sac,,,,,,
minecraft:cocoa_beans,,,,,,
minecraft:white_dye,,,,,,
minecraft:orange_dye,,,,,,
minecraft:magenta_dye,,,,,,
minecraft:light_blue_dye,,,,,,
minecraft:yellow_dye,,,,,,
minecraft:lime_dye,,,,,,
minecraft:pink_dye,,,,,,
minecraft:gray_dye,,,,,,
minecraft:light_gray_dye,,,,,,
minecraft:cyan_dye,,,,,,
minecraft:purple_dye,,,,,,
minecraft:blue_dye,,,,,,
minecraft:brown_dye,,,,,,
minecraft:green_dye,,,,,,
minecraft:red_dye,,,,,,
minecraft:black_dye,,,,,,
minecraft:bone_meal,,,,,,
minecraft:bone,,,,,,
minecraft:sugar,,,,,,
minecraft:cake,,,,,,
minecraft:white_bed,,,,,,
minecraft:orange_bed,,,,,,
minecraft:magenta_bed,,,,,,
minecraft:light_blue_bed,,,,,,
minecraft:yellow_bed,,,,,,
minecraft:lime_bed,,,,,,
minecraft:pink_bed,,,,,,
minecraft:gray_bed,,,,,,
minecraft:light_gray_bed,,,,,,
minecraft:cyan_bed,,,,,,
minecraft:purple_bed,,,,,,
minecraft:blue_bed,,,,,,
minecraft:brown_bed,,,,,,
minecraft:green_bed,,,,,,
minecraft:red_bed,,,,,,
minecraft:black_bed,,,,,,
minecraft:cookie,,,,,,
minecraft:filled_map,,,,,,
minecraft:shears,,,,,,
minecraft:melon_slice,,,,,,
minecraft:dried_kelp,,,,,,
minecraft:pumpkin_seeds,,,,,,
minecraft:melon_seeds,,,,,,
minecraft:beef,,,,,,
minecraft:cooked_beef,,,,,,
minecraft:chicken,,,,,,
minecraft:cooked_chicken,,,,,,
minecraft:rotten_flesh,,,,,,
minecraft:ender_pearl,,,,,,
minecraft:blaze_rod,,,,,,
minecraft:ghast_tear,,,,,,
minecraft:gold_nugget,,,,,,
minecraft:nether_wart,,,,,,
minecraft:potion,,,,,,
minecraft:glass_bottle,,,,,,
minecraft:spider_eye,,,,,,
minecraft:fermented_spider_eye,,,,,,
minecraft:blaze_powder,,,,,,
minecraft:magma_cream,,,,,,
minecraft:brewing_stand,,,,,,
minecraft:cauldron,,,,,,
minecraft:ender_eye,,,,,,
minecraft:glistering_melon_slice,,,,,,
minecraft:allay_spawn_egg,,,,,,
minecraft:axolotl_spawn_egg,,,,,,
minecraft:bat_spawn_egg,,,,,,
minecraft:bee_spawn_egg,,,,,,
minecraft:blaze_spawn_egg,,,,,,
minecraft:cat_spawn_egg,,,,,,
minecraft:camel_spawn_egg,,,,,,
minecraft:cave_spider_spawn_egg,,,,,,
minecraft:chicken_spawn_egg,,,,,,
minecraft:cod_spawn_egg,,,,,,
minecraft:cow_spawn_egg,,,,,,
minecraft:creeper_spawn_egg,,,,,,
minecraft:dolphin_spawn_egg,,,,,,
minecraft:donkey_spawn_egg,,,,,,
minecraft:drowned_spawn_egg,,,,,,
minecraft:elder_guardian_spawn_egg,,,,,,
minecraft:ender_dragon_spawn_egg,,,,,,
minecraft:enderman_spawn_egg,,,,,,
minecraft:endermite_spawn_egg,,,,,,
minecraft:evoker_spawn_egg,,,,,,
minecraft:fox_spawn_egg,,,,,,
minecraft:frog_spawn_egg,,,,,,
minecraft:ghast_spawn_egg,,,,,,
minecraft:glow_squid_spawn_egg,,,,,,
minecraft:goat_spawn_egg,,,,,,
minecraft:guardian_spawn_egg,,,,,,
minecraft:hoglin_spawn_egg,,,,,,
minecraft:horse_spawn_egg,,,,,,
minecraft:husk_spawn_egg,,,,,,
minecraft:iron_golem_spawn_egg,,,,,,
minecraft:llama_spawn_egg,,,,,,
minecraft:magma_cube_spawn_egg,,,,,,
minecraft:mooshroom_spawn_egg,,,,,,
minecraft:mule_spawn_egg,,,,,,
minecraft:ocelot_spawn_egg,,,,,,
minecraft:panda_spawn_egg,,,,,,
minecraft:parrot_spawn_egg,,,,,,
minecraft:phantom_spawn_egg,,,,,,
minecraft:pig_spawn_egg,,,,,,
minecraft:piglin_spawn_egg,,,,,,
minecraft:piglin_brute_spawn_egg,,,,,,
minecraft:pillager_spawn_egg,,,,,,
minecraft:polar_bear_spawn_egg,,,,,,
minecraft:pufferfish_spawn_egg,,,,,,
minecraft:rabbit_spawn_egg,,,,,,
minecraft:ravager_spawn_egg,,,,,,
minecraft:salmon_spawn_egg,,,,,,
minecraft:sheep_spawn_egg,,,,,,
minecraft:shulker_spawn_egg,,,,,,
minecraft:silverfish_spawn_egg,,,,,,
minecraft:skeleton_spawn_egg,,,,,,
minecraft:skeleton_horse_spawn_egg,,,,,,
minecraft:slime_spawn_egg,,,,,,
minecraft:sniffer_spawn_egg,,,,,,
minecraft:snow_golem_spawn_egg,,,,,,
minecraft:spider_spawn_egg,,,,,,
minecraft:squid_spawn_egg,,,,,,
minecraft:stray_spawn_egg,,,,,,
minecraft:strider_spawn_egg,,,,,,
minecraft:tadpole_spawn_egg,,,,,,
minecraft:trader_llama_spawn_egg,,,,,,
minecraft:tropical_fish_spawn_egg,,,,,,
minecraft:turtle_spawn_egg,,,,,,
minecraft:vex_spawn_egg,,,,,,
minecraft:villager_spawn_egg,,,,,,
minecraft:vindicator_spawn_egg,,,,,,
minecraft:wandering_trader_spawn_egg,,,,,,
minecraft:warden_spawn_egg,,,,,,
minecraft:witch_spawn_egg,,,,,,
minecraft:wither_spawn_egg,,,,,,
minecraft:wither_skeleton_spawn_egg,,,,,,
minecraft:wolf_spawn_egg,,,,,,
minecraft:zoglin_spawn_egg,,,,,,
minecraft:zombie_spawn_egg,,,,,,
minecraft:zombie_horse_spawn_egg,,,,,,
minecraft:zombie_villager_spawn_egg,,,,,,
minecraft:zombified_piglin_spawn_egg,,,,,,
minecraft:experience_bottle,,,,,,
minecraft:fire_charge,,,,,,
minecraft:writable_book,,,,,,
minecraft:written_book,,,,,,
minecraft:item_frame,,,,,,
minecraft:glow_item_frame,,,,,,
minecraft:flower_pot,,,,,,
minecraft:carrot,,,,,,
minecraft:potato,,,,,,
minecraft:baked_potato,,,,,,
minecraft:poisonous_potato,,,,,,
minecraft:map,,,,,,
minecraft:golden_carrot,,,,,,
minecraft:skeleton_skull,,,,,,
minecraft:wither_skeleton_skull,,,,,,
minecraft:player_head,,,,,,
minecraft:zombie_head,,,,,,
minecraft:creeper_head,,,,,,
minecraft:dragon_head,,,,,,
minecraft:piglin_head,,,,,,
minecraft:nether_star,,,,,,
minecraft:pumpkin_pie,,,,,,
minecraft:firework_rocket,,,,,,
minecraft:firework_star,,,,,,
minecraft:enchanted_book,,,,,,
minecraft:nether_brick,Nether,Mundane,None,"Hellish, Bricks",Nether Bricks,2
minecraft:prismarine_shard,,,,,,
minecraft:prismarine_crystals,,,,,,
minecraft:rabbit,,,,,,
minecraft:cooked_rabbit,,,,,,
minecraft:rabbit_stew,,,,,,
minecraft:rabbit_foot,,,,,,
minecraft:rabbit_hide,,,,,,
minecraft:armor_stand,,,,,,
minecraft:iron_horse_armor,,,,,,
minecraft:golden_horse_armor,,,,,,
minecraft:diamond_horse_armor,,,,,,
minecraft:leather_horse_armor,,,,,,
minecraft:lead,,,,,,
minecraft:name_tag,,,,,,
minecraft:command_block_minecart,,,,,,
minecraft:mutton,,,,,,
minecraft:cooked_mutton,,,,,,
minecraft:white_banner,,,,,,
minecraft:orange_banner,,,,,,
minecraft:magenta_banner,,,,,,
minecraft:light_blue_banner,,,,,,
minecraft:yellow_banner,,,,,,
minecraft:lime_banner,,,,,,
minecraft:pink_banner,,,,,,
minecraft:gray_banner,,,,,,
minecraft:light_gray_banner,,,,,,
minecraft:cyan_banner,,,,,,
minecraft:purple_banner,,,,,,
minecraft:blue_banner,,,,,,
minecraft:brown_banner,,,,,,
minecraft:green_banner,,,,,,
minecraft:red_banner,,,,,,
minecraft:black_banner,,,,,,
minecraft:end_crystal,,,,,,
minecraft:chorus_fruit,,,,,,
minecraft:popped_chorus_fruit,,,,,,
minecraft:torchflower_seeds,,,,,,
minecraft:pitcher_pod,,,,,,
minecraft:beetroot,,,,,,
minecraft:beetroot_seeds,,,,,,
minecraft:beetroot_soup,,,,,,
minecraft:dragon_breath,,,,,,
minecraft:splash_potion,,,,,,
minecraft:spectral_arrow,,,,,,
minecraft:tipped_arrow,,,,,,
minecraft:lingering_potion,,,,,,
minecraft:shield,,,,,,
minecraft:totem_of_undying,,,,,,
minecraft:shulker_shell,,,,,,
minecraft:iron_nugget,,,,,,
minecraft:knowledge_book,,,,,,
minecraft:debug_stick,,,,,,
minecraft:music_disc_13,,,,,,
minecraft:music_disc_cat,,,,,,
minecraft:music_disc_blocks,,,,,,
minecraft:music_disc_chirp,,,,,,
minecraft:music_disc_far,,,,,,
minecraft:music_disc_mall,,,,,,
minecraft:music_disc_mellohi,,,,,,
minecraft:music_disc_stal,,,,,,
minecraft:music_disc_strad,,,,,,
minecraft:music_disc_ward,,,,,,
minecraft:music_disc_11,,,,,,
minecraft:music_disc_wait,,,,,,
minecraft:music_disc_otherside,,,,,,
minecraft:music_disc_relic,,,,,,
minecraft:music_disc_5,,,,,,
minecraft:music_disc_pigstep,,,,,,
minecraft:disc_fragment_5,,,,,,
minecraft:trident,,,,,,
minecraft:phantom_membrane,,,,,,
minecraft:nautilus_shell,,,,,,
minecraft:heart_of_the_sea,,,,,,
minecraft:crossbow,,,,,,
minecraft:suspicious_stew,,,,,,
minecraft:loom,,,,,,
minecraft:flower_banner_pattern,,,,,,
minecraft:creeper_banner_pattern,,,,,,
minecraft:skull_banner_pattern,,,,,,
minecraft:mojang_banner_pattern,,,,,,
minecraft:globe_banner_pattern,,,,,,
minecraft:piglin_banner_pattern,,,,,,
minecraft:goat_horn,,,,,,
minecraft:composter,,,,,,
minecraft:barrel,,,,,,
minecraft:smoker,,,,,,
minecraft:blast_furnace,,,,,,
minecraft:cartography_table,,,,,,
minecraft:fletching_table,,,,,,
minecraft:grindstone,,,,,,
minecraft:smithing_table,,,,,,
minecraft:stonecutter,,,,,,
minecraft:bell,,,,,,
minecraft:lantern,,,,,,
minecraft:soul_lantern,,,,,,
minecraft:sweet_berries,,,,,,
minecraft:glow_berries,,,,,,
minecraft:campfire,,,,,,
minecraft:soul_campfire,,,,,,
minecraft:shroomlight,,,,,,
minecraft:honeycomb,,,,,,
minecraft:bee_nest,,,,,,
minecraft:beehive,,,,,,
minecraft:honey_bottle,,,,,,
minecraft:honeycomb_block,,,,,,
minecraft:lodestone,,,,,,
minecraft:crying_obsidian,,,,,,
minecraft:blackstone,,,,,,
minecraft:blackstone_slab,,,,,,
minecraft:blackstone_stairs,,,,,,
minecraft:gilded_blackstone,,,,,,
minecraft:polished_blackstone,,,,,,
minecraft:polished_blackstone_slab,,,,,,
minecraft:polished_blackstone_stairs,,,,,,
minecraft:chiseled_polished_blackstone,,,,,,
minecraft:polished_blackstone_bricks,,,,,,
minecraft:polished_blackstone_brick_slab,,,,,,
minecraft:polished_blackstone_brick_stairs,,,,,,
minecraft:cracked_polished_blackstone_bricks,,,,,,
minecraft:respawn_anchor,,,,,,
minecraft:candle,,,,,,
minecraft:white_candle,,,,,,
minecraft:orange_candle,,,,,,
minecraft:magenta_candle,,,,,,
minecraft:light_blue_candle,,,,,,
minecraft:yellow_candle,,,,,,
minecraft:lime_candle,,,,,,
minecraft:pink_candle,,,,,,
minecraft:gray_candle,,,,,,
minecraft:light_gray_candle,,,,,,
minecraft:cyan_candle,,,,,,
minecraft:purple_candle,,,,,,
minecraft:blue_candle,,,,,,
minecraft:brown_candle,,,,,,
minecraft:green_candle,,,,,,
minecraft:red_candle,,,,,,
minecraft:black_candle,,,,,,
minecraft:small_amethyst_bud,,,,,,
minecraft:medium_amethyst_bud,,,,,,
minecraft:large_amethyst_bud,,,,,,
minecraft:amethyst_cluster,,,,,,
minecraft:pointed_dripstone,,,,,,
minecraft:ochre_froglight,,,,,,
minecraft:verdant_froglight,,,,,,
minecraft:pearlescent_froglight,,,,,,
minecraft:frogspawn,,,,,,
minecraft:echo_shard,,,,,,
minecraft:brush,,,,,,
minecraft:netherite_upgrade_smithing_template,,,,,,
minecraft:sentry_armor_trim_smithing_template,,,,,,
minecraft:dune_armor_trim_smithing_template,,,,,,
minecraft:coast_armor_trim_smithing_template,,,,,,
minecraft:wild_armor_trim_smithing_template,,,,,,
minecraft:ward_armor_trim_smithing_template,,,,,,
minecraft:eye_armor_trim_smithing_template,,,,,,
minecraft:vex_armor_trim_smithing_template,,,,,,
minecraft:tide_armor_trim_smithing_template,,,,,,
minecraft:snout_armor_trim_smithing_template,,,,,,
minecraft:rib_armor_trim_smithing_template,,,,,,
minecraft:spire_armor_trim_smithing_template,,,,,,
minecraft:wayfinder_armor_trim_smithing_template,,,,,,
minecraft:shaper_armor_trim_smithing_template,,,,,,
minecraft:silence_armor_trim_smithing_template,,,,,,
minecraft:raiser_armor_trim_smithing_template,,,,,,
minecraft:host_armor_trim_smithing_template,,,,,,
minecraft:angler_pottery_sherd,,,,,,
minecraft:archer_pottery_sherd,,,,,,
minecraft:arms_up_pottery_sherd,,,,,,
minecraft:blade_pottery_sherd,,,,,,
minecraft:brewer_pottery_sherd,,,,,,
minecraft:burn_pottery_sherd,,,,,,
minecraft:danger_pottery_sherd,,,,,,
minecraft:explorer_pottery_sherd,,,,,,
minecraft:friend_pottery_sherd,,,,,,
minecraft:heart_pottery_sherd,,,,,,
minecraft:heartbreak_pottery_sherd,,,,,,
minecraft:howl_pottery_sherd,,,,,,
minecraft:miner_pottery_sherd,,,,,,
minecraft:mourner_pottery_sherd,,,,,,
minecraft:plenty_pottery_sherd,,,,,,
minecraft:prize_pottery_sherd,,,,,,
minecraft:sheaf_pottery_sherd,,,,,,
minecraft:shelter_pottery_sherd,,,,,,
minecraft:skull_pottery_sherd,,,,,,
minecraft:snort_pottery_sherd,,,,,,
